{
  "splits": [
    {
      "split": "val",
      "num_samples": 1499,
      "num_malware": 749,
      "num_benign": 750,
      "malware_ratio": 0.49966644429619744,
      "benign_ratio": 0.5003335557038026,
      "num_failed_to_analyze": 0,
      "analysis_failed_ratio": 0.0,
      "api_semantic_nonzero_ratio": 0.9993328885923949,
      "graph_semantic_nonzero_ratio": 0.9993328885923949,
      "manifest_semantic_nonzero_ratio": 1.0,
      "manifest_parse_error_ratio": 0.0,
      "multi_dex_partial_failed_ratio": 0.0,
      "q_api_mean": 0.8635921478271484,
      "q_api_std": 0.10328669100999832,
      "q_api_p10": 0.7010416984558105,
      "q_api_p50": 0.8837890625,
      "q_api_p90": 0.99755859375,
      "q_api_min": 0.46064454317092896,
      "q_api_max": 1.0,
      "q_graph_mean": 0.9139217138290405,
      "q_graph_std": 0.16084375977516174,
      "q_graph_p10": 0.6264204382896423,
      "q_graph_p50": 1.0,
      "q_graph_p90": 1.0,
      "q_graph_min": 0.2135416716337204,
      "q_graph_max": 1.0,
      "q_align_mean": 0.5218426585197449,
      "q_align_std": 0.09649556875228882,
      "q_align_p10": 0.3837939202785492,
      "q_align_p50": 0.5493884086608887,
      "q_align_p90": 0.5981445908546448,
      "q_align_min": 0.009030329063534737,
      "q_align_max": 0.7879185080528259,
      "q_manifest_mean": 1.0,
      "q_manifest_std": 0.0,
      "q_manifest_p10": 1.0,
      "q_manifest_p50": 1.0,
      "q_manifest_p90": 1.0,
      "q_manifest_min": 1.0,
      "q_manifest_max": 1.0
    }
  ]
}