{
  "splits": [
    {
      "split": "train",
      "num_samples": 10494,
      "num_malware": 5244,
      "num_benign": 5250,
      "malware_ratio": 0.4997141223556318,
      "benign_ratio": 0.5002858776443682,
      "num_failed_to_analyze": 0,
      "analysis_failed_ratio": 0.0,
      "api_semantic_nonzero_ratio": 0.9987611968744045,
      "graph_semantic_nonzero_ratio": 0.9987611968744045,
      "manifest_semantic_nonzero_ratio": 0.9989517819706499,
      "manifest_parse_error_ratio": 0.0,
      "multi_dex_partial_failed_ratio": 0.0007623403849818944,
      "q_api_mean": 0.8656718730926514,
      "q_api_std": 0.10464465618133545,
      "q_api_p10": 0.6989892721176147,
      "q_api_p50": 0.886982262134552,
      "q_api_p90": 1.0,
      "q_api_min": 0.0,
      "q_api_max": 1.0,
      "q_graph_mean": 0.9126377701759338,
      "q_graph_std": 0.16430523991584778,
      "q_graph_p10": 0.5850694179534912,
      "q_graph_p50": 1.0,
      "q_graph_p90": 1.0,
      "q_graph_min": 0.046875,
      "q_graph_max": 1.0,
      "q_align_mean": 0.5233186483383179,
      "q_align_std": 0.09463892877101898,
      "q_align_p10": 0.3828858435153961,
      "q_align_p50": 0.5494257211685181,
      "q_align_p90": 0.599365234375,
      "q_align_min": 0.0,
      "q_align_max": 0.813994824886322,
      "q_manifest_mean": 0.9993329644203186,
      "q_manifest_std": 0.025818653404712677,
      "q_manifest_p10": 1.0,
      "q_manifest_p50": 1.0,
      "q_manifest_p90": 1.0,
      "q_manifest_min": 0.0,
      "q_manifest_max": 1.0
    },
    {
      "split": "val",
      "num_samples": 1499,
      "num_malware": 749,
      "num_benign": 750,
      "malware_ratio": 0.49966644429619744,
      "benign_ratio": 0.5003335557038026,
      "num_failed_to_analyze": 0,
      "analysis_failed_ratio": 0.0,
      "api_semantic_nonzero_ratio": 0.9993328885923949,
      "graph_semantic_nonzero_ratio": 0.9993328885923949,
      "manifest_semantic_nonzero_ratio": 1.0,
      "manifest_parse_error_ratio": 0.0,
      "multi_dex_partial_failed_ratio": 0.0,
      "q_api_mean": 0.8635921478271484,
      "q_api_std": 0.10328669100999832,
      "q_api_p10": 0.7010416984558105,
      "q_api_p50": 0.8837890625,
      "q_api_p90": 0.99755859375,
      "q_api_min": 0.46064454317092896,
      "q_api_max": 1.0,
      "q_graph_mean": 0.9139217138290405,
      "q_graph_std": 0.16084375977516174,
      "q_graph_p10": 0.6264204382896423,
      "q_graph_p50": 1.0,
      "q_graph_p90": 1.0,
      "q_graph_min": 0.2135416716337204,
      "q_graph_max": 1.0,
      "q_align_mean": 0.5218426585197449,
      "q_align_std": 0.09649556875228882,
      "q_align_p10": 0.3837939202785492,
      "q_align_p50": 0.5493884086608887,
      "q_align_p90": 0.5981445908546448,
      "q_align_min": 0.009030329063534737,
      "q_align_max": 0.7879185080528259,
      "q_manifest_mean": 1.0,
      "q_manifest_std": 0.0,
      "q_manifest_p10": 1.0,
      "q_manifest_p50": 1.0,
      "q_manifest_p90": 1.0,
      "q_manifest_min": 1.0,
      "q_manifest_max": 1.0
    },
    {
      "split": "test",
      "num_samples": 2999,
      "num_malware": 1499,
      "num_benign": 1500,
      "malware_ratio": 0.49983327775925307,
      "benign_ratio": 0.5001667222407469,
      "num_failed_to_analyze": 0,
      "analysis_failed_ratio": 0.0,
      "api_semantic_nonzero_ratio": 0.9989996665555185,
      "graph_semantic_nonzero_ratio": 0.9989996665555185,
      "manifest_semantic_nonzero_ratio": 0.9993331110370124,
      "manifest_parse_error_ratio": 0.0,
      "multi_dex_partial_failed_ratio": 0.0010003334444814939,
      "q_api_mean": 0.8660754561424255,
      "q_api_std": 0.10204893350601196,
      "q_api_p10": 0.7085741758346558,
      "q_api_p50": 0.886962890625,
      "q_api_p90": 0.9996093511581421,
      "q_api_min": 0.3636718690395355,
      "q_api_max": 1.0,
      "q_graph_mean": 0.9132731556892395,
      "q_graph_std": 0.16215382516384125,
      "q_graph_p10": 0.625,
      "q_graph_p50": 1.0,
      "q_graph_p90": 1.0,
      "q_graph_min": 0.015625,
      "q_graph_max": 1.0,
      "q_align_mean": 0.5253499150276184,
      "q_align_std": 0.09337835758924484,
      "q_align_p10": 0.38832756876945496,
      "q_align_p50": 0.548583984375,
      "q_align_p90": 0.6015396118164062,
      "q_align_min": 0.019926348701119423,
      "q_align_max": 0.8075160980224609,
      "q_manifest_mean": 0.9993330836296082,
      "q_manifest_std": 0.025815581902861595,
      "q_manifest_p10": 1.0,
      "q_manifest_p50": 1.0,
      "q_manifest_p90": 1.0,
      "q_manifest_min": 0.0,
      "q_manifest_max": 1.0
    }
  ]
}