"year","count","ratio"
"2018","662","0.13524"
"2019","649","0.132584"
"2020","1028","0.21001"
"2021","877","0.179162"
"2022","859","0.175485"
"2023","444","0.090705"
"2024","376","0.076813"
